City_ID,City,Country,Lat,Lng,Max Temp,Humidity,Cloudiness,Wind Speed,Current Description
0,Longyearbyen,SJ,78.2186,15.6401,-5.21,94,95,4.61,overcast clouds
1,Khatanga,RU,71.9667,102.5,-20.58,94,66,12.71,broken clouds
2,Punta Arenas,CL,-53.15,-70.9167,50.0,46,20,17.27,few clouds
3,Tiksi,RU,71.6872,128.8694,-3.69,92,73,8.16,broken clouds
4,Severo-Kurilsk,RU,50.6789,156.125,31.8,82,34,13.96,scattered clouds
5,Itaguai,BR,-22.8522,-43.7753,81.0,78,75,5.75,broken clouds
6,Kabo,CF,7.6994,18.629,84.24,34,92,3.04,overcast clouds
7,Lompoc,US,34.6391,-120.4579,55.4,67,90,13.8,overcast clouds
8,New Norfolk,AU,-42.7826,147.0587,53.01,54,20,9.22,few clouds
9,Clyde River,CA,70.4692,-68.5914,-5.8,84,75,24.16,snow
10,Mataura,NZ,-46.1927,168.8643,69.01,52,1,10.0,clear sky
11,Rikitea,PF,-23.1203,-134.9692,80.47,73,39,8.34,scattered clouds
12,Iqaluit,CA,63.7506,-68.5145,-16.01,69,40,14.97,snow
13,Ancud,CL,-41.8697,-73.8203,60.8,67,0,5.75,clear sky
14,Tiarei,PF,-17.5333,-149.3333,87.01,70,20,9.22,few clouds
15,Ushuaia,AR,-54.8,-68.3,44.6,61,40,34.52,scattered clouds
16,Tasiilaq,GL,65.6145,-37.6368,24.8,80,90,18.41,snow
17,Esmeraldas,BR,-19.7625,-44.3139,78.8,65,20,10.36,few clouds
18,Georgetown,MY,5.4112,100.3354,78.01,88,20,5.68,few clouds
19,Ipu,BR,-4.3222,-40.7108,73.8,91,30,4.45,scattered clouds
20,Haapiti,PF,-17.5667,-149.8667,87.01,70,20,9.22,few clouds
21,Rawson,AR,-43.3002,-65.1023,62.53,74,35,20.69,scattered clouds
22,Kununurra,AU,-15.7667,128.7333,80.6,100,75,2.3,broken clouds
23,Butaritari,KI,3.0707,172.7902,80.47,80,77,12.68,light rain
24,Lujan,AR,-34.5703,-59.105,78.01,46,0,1.01,clear sky
25,La Ronge,CA,55.1001,-105.2842,32.0,47,1,8.05,clear sky
26,Tuktoyaktuk,CA,69.4541,-133.0374,-9.4,77,90,2.3,overcast clouds
27,Haines Junction,CA,60.7522,-137.5108,5.0,47,93,12.66,overcast clouds
28,Vuktyl,RU,63.8567,57.3094,18.81,94,100,9.75,light snow
29,Busselton,AU,-33.65,115.3333,52.0,78,0,1.01,clear sky
30,Hithadhoo,MV,-0.6,73.0833,83.84,68,10,9.22,clear sky
31,Kapaa,US,22.0752,-159.319,73.0,83,90,26.46,light rain
32,Pevek,RU,69.7008,170.3133,-3.57,97,100,7.27,overcast clouds
33,Saint-Augustin,CA,51.226,-58.6502,22.89,75,100,19.44,overcast clouds
34,Semey,KZ,50.4111,80.2275,-11.9,97,62,2.06,broken clouds
35,Cherskiy,RU,68.75,161.3,-5.67,96,100,15.75,light snow
36,Albany,US,42.6001,-73.9662,37.99,30,41,6.11,scattered clouds
37,Bayanday,RU,53.0661,105.5139,15.33,88,100,20.22,snow
38,Jamestown,US,42.097,-79.2353,35.6,32,1,8.48,clear sky
39,Avarua,CK,-21.2078,-159.775,84.2,74,68,8.05,broken clouds
40,Puerto Ayora,EC,-0.7393,-90.3518,82.99,74,40,6.91,scattered clouds
41,Pedernales,DO,18.0384,-71.744,77.07,73,14,2.71,few clouds
42,Cape Town,ZA,-33.9258,18.4232,66.99,88,75,5.75,broken clouds
43,Huarmey,PE,-10.0681,-78.1522,74.61,76,2,8.12,clear sky
44,Bereda,ES,43.2686,-7.5406,48.0,97,80,5.01,broken clouds
45,Codrington,AU,-38.2667,141.9667,57.65,53,42,11.18,scattered clouds
46,Provideniya,RU,64.3833,-173.3,23.74,94,100,24.76,snow
47,Saint-Philippe,RE,-21.3585,55.7679,75.2,73,0,5.75,clear sky
48,Beringovskiy,RU,63.05,179.3167,22.46,89,34,5.53,scattered clouds
49,Hobart,AU,-42.8794,147.3294,53.01,54,20,9.22,few clouds
50,Minab,IR,27.1467,57.0801,71.6,78,0,4.61,dust
51,Gorontalo,ID,0.5412,123.0595,76.68,91,50,2.71,scattered clouds
52,Mehamn,NO,71.0357,27.8492,22.93,87,100,6.85,overcast clouds
53,Souillac,MU,-20.5167,57.5167,80.6,83,40,6.91,light rain
54,Hamilton,US,39.1834,-84.5333,53.01,30,90,4.45,overcast clouds
55,Orodara,BF,10.9492,-4.9342,82.4,54,46,4.61,dust
56,Port Alfred,ZA,-33.5906,26.891,73.0,82,69,4.0,broken clouds
57,Henties Bay,NA,-22.116,14.2845,64.99,92,45,3.0,scattered clouds
58,Buriti Bravo,BR,-5.8372,-43.8336,72.9,94,97,1.7,overcast clouds
59,Porto Walter,BR,-8.2686,-72.7439,76.42,92,93,2.19,light rain
60,Krutinka,RU,56.0055,71.5113,3.67,97,92,8.25,overcast clouds
61,Hermanus,ZA,-34.4187,19.2345,66.0,91,23,1.99,few clouds
62,Vaini,TO,-21.2,-175.2,77.0,88,75,6.91,broken clouds
63,Ossora,RU,59.2353,163.0719,5.63,71,99,3.53,overcast clouds
64,Mount Isa,AU,-20.7333,139.5,77.0,73,29,6.91,scattered clouds
65,Getulio Vargas,UY,-32.6796,-53.5494,67.71,79,17,9.73,few clouds
66,Saldanha,ZA,-33.0117,17.9442,68.0,83,99,3.44,overcast clouds
67,Necochea,AR,-38.5473,-58.7368,71.01,72,0,6.78,clear sky
68,Mar Del Plata,AR,-38.0023,-57.5575,69.01,73,20,10.36,few clouds
69,Meulaboh,ID,4.1363,96.1285,76.32,81,99,2.17,overcast clouds
70,Kiruna,SE,67.8557,20.2251,17.6,93,77,8.05,broken clouds
71,Hilo,US,19.7297,-155.09,71.6,83,90,9.22,moderate rain
72,Atuona,PF,-9.8,-139.0333,79.3,61,54,4.94,broken clouds
73,Buenos Aires,AR,-34.6132,-58.3772,77.0,47,0,9.22,clear sky
74,Camacha,PT,33.0833,-16.3333,60.8,67,75,11.5,broken clouds
75,Nemuro,JP,43.3236,145.575,32.68,92,100,20.83,snow
76,Birjand,IR,32.8663,59.2211,37.4,65,0,4.61,clear sky
77,Ilulissat,GL,69.2167,-51.1,10.4,67,100,17.27,overcast clouds
78,Airai,TL,-8.9266,125.4092,64.06,90,95,1.14,overcast clouds
79,Ribeira Grande,PT,38.5167,-28.7,61.5,85,80,26.98,broken clouds
80,Norman Wells,CA,65.282,-126.8329,-2.2,60,75,4.61,broken clouds
81,Chokurdakh,RU,70.6333,147.9167,-18.53,90,0,4.16,clear sky
82,Nakamura,JP,32.9833,132.9333,49.6,72,0,6.2,clear sky
83,Noyabrsk,RU,63.1994,75.4507,8.28,94,95,13.0,overcast clouds
84,Nikolskoye,RU,59.7035,30.7861,36.0,87,75,6.71,snow
85,Ibra,OM,22.6906,58.5334,61.77,58,0,1.21,clear sky
86,Bethel,US,41.3712,-73.414,46.4,21,1,13.8,clear sky
87,Laguna De Duero,ES,41.5815,-4.7233,46.99,75,0,8.05,clear sky
88,Nagorsk,RU,59.3172,50.8078,12.61,91,100,11.52,overcast clouds
89,Lhokseumawe,ID,5.1801,97.1507,76.44,75,21,4.63,few clouds
90,Ravar,IR,31.2656,56.8055,43.61,59,0,2.91,clear sky
91,Lebu,CL,-37.6167,-73.65,58.71,79,0,8.79,clear sky
92,Pacific Grove,US,36.6177,-121.9166,55.0,75,36,7.0,scattered clouds
93,Victoria,HK,22.2855,114.1577,69.01,84,55,12.84,broken clouds
94,Cradock,ZA,-32.1642,25.6192,72.84,41,40,5.23,scattered clouds
95,Dipolog,PH,8.5894,123.3414,77.38,87,63,5.14,broken clouds
96,Kousseri,CM,12.0769,15.0306,87.8,22,31,2.3,scattered clouds
97,East London,ZA,-33.0153,27.9116,77.49,66,41,13.18,scattered clouds
98,Abashiri,JP,44.0213,144.2697,34.0,75,100,3.0,overcast clouds
99,Banjar,ID,-8.19,114.9675,77.0,94,75,5.75,broken clouds
100,Kruisfontein,ZA,-34.0033,24.7314,69.01,76,84,1.99,broken clouds
101,Makakilo City,US,21.3469,-158.0858,78.8,65,75,10.36,broken clouds
102,Carnarvon,AU,-24.8667,113.6333,80.6,74,2,9.22,clear sky
103,Mahebourg,MU,-20.4081,57.7,80.6,83,40,6.91,light rain
104,Zhezkazgan,KZ,47.8043,67.7144,2.1,74,100,17.4,overcast clouds
105,Avera,US,33.194,-82.5271,78.8,47,75,6.91,broken clouds
106,Cabo San Lucas,MX,22.8909,-109.9124,73.0,56,1,11.5,clear sky
107,Rudnya,RU,54.947,31.0934,32.7,96,98,9.19,overcast clouds
108,Barraute,CA,48.4335,-77.6328,19.4,86,90,11.5,light snow
109,Butterworth,MY,5.3991,100.3638,78.01,88,20,5.28,few clouds
110,Morondava,MG,-20.2833,44.2833,77.54,66,0,8.28,clear sky
111,Porto Novo,BJ,6.4965,2.6036,84.2,84,40,12.66,heavy intensity rain
112,Peniche,PT,39.3558,-9.3811,53.01,81,0,5.99,clear sky
113,Aklavik,CA,68.2191,-135.0107,-4.0,59,1,4.61,clear sky
114,Qaanaaq,GL,77.484,-69.3632,-2.47,63,99,7.43,overcast clouds
115,Pozo Colorado,PY,-23.4923,-58.7972,88.65,35,99,3.53,moderate rain
116,Bredasdorp,ZA,-34.5322,20.0403,64.4,94,11,3.44,few clouds
117,Bonn,DE,50.7333,7.1,39.99,81,40,16.11,scattered clouds
118,Tansen,NP,27.8673,83.5467,53.15,42,0,4.99,clear sky
119,Bogandinskiy,RU,56.8937,65.8938,6.8,61,0,11.18,clear sky
120,Moron,AR,-34.6534,-58.6198,77.0,42,0,1.99,clear sky
121,Ponta Do Sol,PT,32.6667,-17.1,57.99,72,99,1.01,overcast clouds
122,Port Hardy,CA,50.6996,-127.4199,46.4,76,90,24.16,light rain
123,Esperance,AU,-33.8667,121.9,46.4,87,49,5.75,scattered clouds
124,Flin Flon,CA,54.7682,-101.865,33.8,40,20,9.22,few clouds
125,Kodiak,US,57.79,-152.4072,33.8,29,1,18.41,clear sky
126,Paita,PE,-5.0892,-81.1144,84.2,65,0,10.36,clear sky
127,Marfino,RU,55.7028,37.3822,28.99,86,90,11.18,light snow
128,Dikson,RU,73.5069,80.5464,-22.43,97,100,15.93,overcast clouds
129,Hasaki,JP,35.7333,140.8333,52.0,58,40,11.5,scattered clouds
130,Upernavik,GL,72.7868,-56.1549,-6.45,95,24,5.88,few clouds
131,Yerbogachen,RU,61.2767,108.0108,-2.06,96,36,7.7,scattered clouds
132,Yellowknife,CA,62.456,-114.3525,0.0,60,90,5.75,overcast clouds
133,Lasa,IT,46.6166,10.7002,46.0,75,0,4.61,clear sky
134,Hovd,MN,48.0056,91.6419,16.84,25,100,8.37,overcast clouds
135,San Miguel,SV,13.4833,-88.1833,98.6,34,40,2.3,scattered clouds
136,Muros,ES,42.7762,-9.0603,46.99,93,3,3.0,clear sky
137,Bluff,NZ,-46.6,168.3333,69.01,52,3,13.0,clear sky
138,Margate,GB,51.3813,1.3862,42.01,68,72,1.99,broken clouds
139,Bosaso,SO,11.2842,49.1816,76.37,76,0,5.82,clear sky
140,Hambantota,LK,6.1241,81.1185,77.05,83,50,11.56,scattered clouds
141,Komsomolskiy,UZ,40.4272,71.7189,44.6,76,90,46.04,moderate rain
142,Suntar,RU,62.1444,117.6319,3.4,94,36,6.2,scattered clouds
143,Chuy,UY,-33.6971,-53.4616,63.73,72,9,7.31,clear sky
144,Arraial Do Cabo,BR,-22.9661,-42.0278,77.47,87,35,10.11,scattered clouds
145,Ixtapa,MX,20.7,-105.2,78.8,69,1,13.8,clear sky
146,Leningradskiy,RU,69.3833,178.4167,21.87,82,100,4.63,overcast clouds
147,Barrow,US,71.2906,-156.7887,-4.0,65,1,16.11,clear sky
148,Constitucion,CL,-35.3333,-72.4167,58.87,85,16,2.08,few clouds
149,Nanortalik,GL,60.1432,-45.2371,26.64,81,100,3.89,overcast clouds
150,Alofi,NU,-19.0595,-169.9187,84.2,74,41,4.61,scattered clouds
151,Kulunda,RU,52.566,78.9385,-9.67,85,0,6.6,clear sky
152,Shingu,JP,33.7333,135.9833,47.86,66,0,5.32,clear sky
153,Cidreira,BR,-30.1811,-50.2056,74.12,84,17,11.34,few clouds
154,Klaksvik,FO,62.2266,-6.589,41.0,87,75,33.38,broken clouds
155,Bambous Virieux,MU,-20.3428,57.7575,80.6,83,40,6.91,light rain
156,Xingyi,CN,24.1877,102.817,48.51,95,3,3.0,clear sky
157,Sao Filipe,CV,14.8961,-24.4956,70.79,76,0,5.39,clear sky
158,Inirida,CO,3.8653,-67.9239,75.06,94,93,0.85,overcast clouds
159,Kavaratti,IN,10.5669,72.642,82.45,70,38,7.09,scattered clouds
160,Pindushi,RU,62.9152,34.58,32.72,97,100,8.25,snow
161,Sitapur,IN,27.5667,80.6833,66.47,41,0,6.64,clear sky
162,Mandalgovi,MN,45.7625,106.2708,36.14,39,35,10.2,scattered clouds
163,Kutum,SD,14.2,24.6667,66.81,18,65,6.91,broken clouds
164,Taikang,CN,46.8333,124.4167,35.37,57,16,13.4,few clouds
165,Iskateley,RU,67.6803,53.1512,5.49,96,95,8.84,overcast clouds
166,Vao,NC,-22.6667,167.4833,76.66,77,87,20.13,overcast clouds
167,Tianpeng,CN,30.9866,103.9393,63.0,1,90,4.34,overcast clouds
168,Ambanja,MG,-13.6833,48.45,74.46,92,56,4.0,light rain
169,Kamenka,RU,51.3223,42.7678,25.0,90,99,1.99,light snow
170,Pisco,PE,-13.7,-76.2167,75.2,78,0,8.05,clear sky
171,Jeremie,HT,18.65,-74.1167,76.44,82,5,11.97,clear sky
172,Rio Gallegos,AR,-51.6226,-69.2181,59.0,26,0,14.97,clear sky
173,Flagstaff,US,35.1981,-111.6513,32.0,93,90,10.36,snow
174,Immokalee,US,26.4187,-81.4173,80.6,47,90,8.05,overcast clouds
175,Kasangulu,CD,-4.5911,15.1708,80.6,83,40,3.22,light rain
176,Veraval,IN,20.9,70.3667,75.56,57,0,13.73,clear sky
177,Mount Gambier,AU,-37.8333,140.7667,50.0,93,52,5.75,broken clouds
178,Ridgecrest,US,35.6225,-117.6709,68.0,8,1,6.91,clear sky
179,Tiznit,MA,29.5833,-9.5,63.63,57,52,2.42,broken clouds
180,San Jeronimo,PE,-11.9472,-75.2829,54.46,78,77,1.72,broken clouds
181,Salamanca,ES,40.8333,-6.0,42.01,81,0,5.75,clear sky
182,Acari,PE,-15.4311,-74.6158,76.3,77,9,6.87,clear sky
183,Puerto Quijarro,BO,-17.7833,-57.7667,80.49,70,23,0.25,few clouds
184,Tura,IN,25.5198,90.2201,69.04,43,37,1.39,scattered clouds
185,Thompson,CA,55.7435,-97.8558,19.4,49,1,12.66,snow
186,Vila Velha,BR,-20.3297,-40.2925,82.99,78,0,10.36,clear sky
187,Castro,BR,-24.7911,-50.0119,67.39,73,35,2.21,scattered clouds
188,Quatre Cocos,MU,-20.2078,57.7625,80.6,83,40,6.91,light rain
189,Asyut,EG,27.181,31.1837,57.36,41,100,8.21,overcast clouds
190,Perth,AU,-31.9333,115.8333,60.01,62,0,16.11,clear sky
191,Luderitz,NA,-26.6481,15.1594,67.86,72,0,10.58,clear sky
192,Sakakah,SA,29.9697,40.2064,59.0,36,0,3.44,clear sky
193,Kirakira,SB,-10.4544,161.9205,77.23,89,100,6.87,moderate rain
194,Hervey Bay,AU,-25.2986,152.8535,80.01,80,56,4.0,broken clouds
195,Husavik,IS,66.0449,-17.3389,21.2,79,40,9.22,light snow
196,Novikovo,RU,51.1537,37.8879,32.7,98,100,8.59,overcast clouds
197,Cururupu,BR,-1.8283,-44.8683,74.62,96,43,3.36,scattered clouds
198,Baker City,US,44.7749,-117.8344,59.0,29,1,14.97,clear sky
199,Asau,RO,46.4333,26.4,36.0,60,5,5.21,clear sky
200,Qobu,AZ,40.4047,49.7131,35.6,80,90,9.22,overcast clouds
201,Atherton,GB,53.5237,-2.4935,45.0,82,99,7.0,overcast clouds
202,Saint-Pierre,RE,-21.3393,55.4781,75.2,73,0,6.91,clear sky
203,Yeppoon,AU,-23.1333,150.7333,80.6,69,29,5.75,scattered clouds
204,Wanxian,CN,30.8039,108.3897,60.66,85,17,3.31,few clouds
205,Ust-Nera,RU,64.5667,143.2,-17.03,91,1,2.26,clear sky
206,Hami,CN,42.8,93.45,48.13,35,1,4.88,clear sky
207,Geraldton,AU,-28.7667,114.6,71.6,37,0,25.32,clear sky
208,Visnes,NO,59.3556,5.2242,39.2,87,75,14.97,broken clouds
209,Morehead,US,37.2711,-87.1764,57.99,35,90,6.08,overcast clouds
210,Ostrovnoy,RU,68.0531,39.5131,11.52,92,85,13.2,overcast clouds
211,Cabot,US,34.9745,-92.0165,68.0,68,90,9.22,overcast clouds
212,Dunedin,NZ,-45.8742,170.5036,62.01,68,0,4.0,clear sky
213,Linfen,CN,36.0889,111.5189,51.37,72,60,4.0,broken clouds
214,Imbituba,BR,-28.24,-48.6703,78.8,78,20,5.75,few clouds
215,Antofagasta,CL,-23.65,-70.4,69.8,73,20,12.66,few clouds
216,Boda,CF,4.3189,17.4695,75.15,80,92,3.74,light rain
217,Markova,UA,48.6758,24.4138,39.9,73,98,11.81,overcast clouds
218,Buala,SB,-8.145,159.5921,84.38,68,94,5.46,overcast clouds
219,Monastyrshchina,RU,54.3496,31.838,33.73,98,100,9.82,overcast clouds
220,Tambura,SS,5.6,27.4667,74.5,57,59,1.41,broken clouds
221,Sitka,US,57.0531,-135.33,33.8,55,20,13.8,few clouds
222,San Juan,AR,-31.5375,-68.5364,81.68,39,81,9.48,light rain
223,Jawhar,SO,2.7809,45.5005,74.17,93,63,4.5,broken clouds
224,Phuntsholing,BT,26.8516,89.3884,70.41,45,97,4.16,overcast clouds
225,Guerrero Negro,MX,27.9769,-114.0611,61.88,49,0,20.31,clear sky
226,Anchorage,US,61.2181,-149.9003,12.2,44,1,2.17,clear sky
227,Alihe,CN,50.5667,123.7167,25.39,87,13,3.31,few clouds
228,Shemonaikha,KZ,50.6328,81.9056,-12.17,98,40,3.42,scattered clouds
229,College,US,64.8569,-147.8028,5.0,55,1,2.55,clear sky
230,Am Timan,TD,11.0297,20.2827,84.9,14,36,2.93,scattered clouds
231,Cerqueira Cesar,BR,-23.0356,-49.1661,69.94,77,4,3.31,clear sky
232,Mataram,ID,-8.5833,116.1167,77.0,100,40,3.44,scattered clouds
233,Grande Prairie,CA,55.1667,-118.8027,41.0,65,75,3.44,broken clouds
234,Awbari,LY,26.5921,12.7805,66.85,26,54,13.58,broken clouds
235,Joao Pinheiro,BR,-17.7425,-46.1725,70.02,89,86,4.83,light rain
236,Solhan,TR,38.9634,41.0293,27.01,63,80,2.3,broken clouds
237,Matiguas,NI,12.8373,-85.4622,73.4,64,75,9.22,broken clouds
238,Juneau,US,58.3019,-134.4197,28.4,40,90,6.91,overcast clouds
239,Gurgentepe,TR,40.7883,37.6017,35.6,80,75,6.76,broken clouds
240,Shelbyville,US,35.4834,-86.4603,59.0,100,90,6.91,overcast clouds
241,Ormara,PK,25.2088,64.6357,72.61,74,0,5.64,clear sky
242,Cobija,BO,-11.0267,-68.7692,79.21,79,63,2.46,broken clouds
243,Port Lincoln,AU,-34.7333,135.8667,58.93,55,60,10.11,broken clouds
244,Wahiawa,US,21.5028,-158.0236,78.8,83,75,10.36,broken clouds
245,Namibe,AO,-15.1961,12.1522,75.72,78,51,5.39,light rain
246,Palu,ID,-0.8917,119.8707,76.15,91,100,3.13,overcast clouds
247,Kaitangata,NZ,-46.2817,169.8464,64.99,63,1,5.01,clear sky
248,Ningbo,CN,29.8782,121.5495,55.0,93,40,4.47,mist
249,Kavieng,PG,-2.5744,150.7967,83.82,62,7,3.44,clear sky
250,Tadine,NC,-21.55,167.8833,79.23,73,92,14.07,overcast clouds
251,Atambua,ID,-9.1061,124.8925,75.65,87,97,0.96,overcast clouds
252,Belyy Yar,RU,53.6039,91.3903,3.2,60,99,15.66,snow
253,Pangnirtung,CA,66.1451,-65.7125,-13.92,99,99,0.6,overcast clouds
254,Torbay,CA,47.6666,-52.7314,37.0,64,75,8.05,broken clouds
255,Port Elizabeth,ZA,-33.918,25.5701,73.4,53,0,5.75,clear sky
256,Tezu,IN,27.9167,96.1667,67.39,68,97,4.25,overcast clouds
257,Vila,PT,42.0304,-8.1588,46.0,88,36,1.99,scattered clouds
258,Noumea,NC,-22.2763,166.4572,84.2,58,0,4.61,clear sky
259,Namatanai,PG,-3.6667,152.4333,83.73,62,12,4.41,few clouds
260,Oeiras Do Para,BR,-2.0031,-49.8544,75.69,95,100,3.42,overcast clouds
261,Svetlogorsk,BY,52.6333,29.7333,33.53,95,96,10.51,overcast clouds
262,Pombia,IT,45.653,8.6336,50.0,66,40,1.14,scattered clouds
263,Meadow Lake,US,34.8014,-106.5436,48.0,25,90,21.85,overcast clouds
264,Atar,MR,20.5169,-13.0499,68.92,11,0,8.39,clear sky
265,Isangel,VU,-19.55,169.2667,82.4,74,75,11.5,broken clouds
266,Parchim,DE,53.4263,11.8488,44.01,93,100,24.0,overcast clouds
267,Kloulklubed,PW,7.0419,134.2556,77.0,100,75,5.28,broken clouds
268,Doha,QA,25.2867,51.5333,64.4,48,0,10.36,clear sky
269,Umm Lajj,SA,25.0213,37.2685,71.17,63,91,9.19,overcast clouds
270,Tamala,RU,52.541,43.2515,19.29,93,100,15.59,snow
271,Gornyy,RU,55.1153,83.9059,-6.86,95,84,14.03,broken clouds
272,Carutapera,BR,-1.195,-46.02,76.03,93,100,5.79,overcast clouds
273,Tazovskiy,RU,67.4667,78.7,-13.34,78,100,12.06,overcast clouds
274,Ahipara,NZ,-35.1667,173.1667,70.86,51,1,3.27,clear sky
275,Varhaug,NO,58.6147,5.6457,37.99,95,50,8.93,scattered clouds
276,Paris,FR,48.8534,2.3488,42.01,87,75,16.11,light rain
277,Fare,PF,-16.7,-151.0167,82.9,75,33,12.17,scattered clouds
278,Aras,ES,42.5617,-2.356,52.0,66,90,6.91,overcast clouds
279,Saskylakh,RU,71.9167,114.0833,-7.44,98,54,6.42,broken clouds
280,Talaya,RU,61.3833,152.75,-11.67,94,86,1.66,overcast clouds
281,Beloha,MG,-25.1667,45.05,73.69,75,16,16.24,few clouds
282,Laguna,US,38.421,-121.4238,66.0,45,1,9.22,clear sky
283,Salinopolis,BR,-0.6136,-47.3561,78.62,85,96,8.23,overcast clouds
284,Mahendranagar,NP,28.9167,80.3333,63.66,40,0,4.29,clear sky
285,Mezhdurechenskiy,RU,59.6,65.9333,9.88,92,0,8.77,clear sky
286,Twentynine Palms,US,34.1356,-116.0542,64.4,13,1,17.27,clear sky
287,Vila Franca Do Campo,PT,37.7167,-25.4333,59.0,94,75,17.27,broken clouds
288,Yarmouth,US,41.7057,-70.2286,43.0,42,1,16.11,clear sky
289,Yar-Sale,RU,66.8333,70.8333,7.21,91,100,9.66,overcast clouds
290,Neiafu,TO,-18.65,-173.9833,84.2,70,20,4.61,few clouds
291,Zhigansk,RU,66.7697,123.3711,5.94,95,100,11.92,overcast clouds
292,Ban Nahin,LA,18.2418,104.2122,68.56,87,24,3.53,few clouds
293,Sobolevo,RU,54.4299,31.8996,33.73,98,100,9.78,overcast clouds
294,Waddan,LY,29.1614,16.139,65.03,32,100,16.89,overcast clouds
295,Byron Bay,AU,-28.65,153.6167,77.0,78,5,4.61,clear sky
296,Matara,LK,5.9485,80.5353,75.42,87,87,9.06,overcast clouds
297,Okhotsk,RU,59.3833,143.3,-1.73,65,48,7.99,scattered clouds
298,Tilichiki,RU,60.4667,166.1,3.92,81,100,15.79,overcast clouds
299,Pokhara,NP,28.2333,83.9833,61.66,35,19,4.92,few clouds
300,Ballina,AU,-28.8667,153.5667,77.0,78,0,4.61,clear sky
301,Kendari,ID,-3.945,122.4989,76.55,90,81,2.73,broken clouds
302,Konya,TR,38.1667,32.5,39.2,70,0,5.75,clear sky
303,Roma,US,43.2128,-75.4557,35.6,38,1,14.97,clear sky
304,Faanui,PF,-16.4833,-151.75,82.67,72,70,13.13,moderate rain
305,San Cristobal,VE,7.7669,-72.225,78.8,61,40,2.3,scattered clouds
306,Hanyang,CN,32.1371,105.5126,62.01,81,100,1.43,overcast clouds
307,Melfi,IT,40.9965,15.6514,46.0,93,90,21.85,fog
308,Sorland,NO,67.667,12.6934,41.99,84,97,14.16,overcast clouds
309,Tuatapere,NZ,-46.1333,167.6833,69.01,52,13,13.0,few clouds
310,Coihaique,CL,-45.5752,-72.0662,71.6,37,0,6.91,clear sky
311,Wagar,SD,16.1525,36.2032,69.78,82,38,9.69,scattered clouds
312,Portland,US,45.5234,-122.6762,63.0,44,75,5.75,broken clouds
313,Itarema,BR,-2.9248,-39.9167,78.44,82,87,9.69,overcast clouds
314,Alice Springs,AU,-23.7,133.8833,59.0,100,90,12.66,moderate rain
315,Yulara,AU,-25.2406,130.9889,64.4,63,90,12.66,overcast clouds
316,Lorengau,PG,-2.0226,147.2712,84.58,64,12,2.55,few clouds
317,Mitu,CO,1.1983,-70.1733,74.19,96,92,2.39,overcast clouds
318,Shahrud,IR,36.4182,54.9763,23.04,62,2,4.41,clear sky
319,Lavrentiya,RU,65.5833,-171.0,14.95,90,100,20.89,snow
320,Fort Nelson,CA,58.8053,-122.7002,5.0,72,90,11.5,snow
321,Saint-Alexandre,FR,44.2278,4.6214,54.0,62,90,4.61,overcast clouds
322,Berlevag,NO,70.8578,29.0864,24.08,84,99,8.12,overcast clouds
323,Kieta,PG,-6.2167,155.6333,83.93,68,24,5.17,few clouds
324,Chaykovskaya,RU,58.1279,55.5378,12.2,73,0,15.66,clear sky
325,Severodvinsk,RU,64.5635,39.8302,24.8,86,90,6.71,snow
326,Touros,BR,-5.1989,-35.4608,80.6,74,40,16.11,scattered clouds
327,Samarai,PG,-10.6167,150.6667,80.01,85,100,14.9,overcast clouds
328,Naduvattam,IN,11.4833,76.5667,53.06,67,0,2.46,clear sky
329,Marawi,PH,7.9986,124.2928,72.0,93,100,5.99,overcast clouds
330,Bang Saphan,TH,11.2126,99.5117,74.23,92,3,2.48,clear sky
331,Bad Hofgastein,AT,47.1667,13.1,32.0,94,63,4.61,broken clouds
332,Onojo,JP,33.5357,130.4786,44.6,87,20,4.61,few clouds
333,Along,IN,28.1667,94.7667,61.56,94,100,2.06,overcast clouds
334,Banda Aceh,ID,5.5577,95.3222,78.64,77,97,3.58,overcast clouds
335,Rajgarh,IN,28.6333,75.3833,69.03,36,50,4.59,scattered clouds
336,Dayong,CN,25.0209,118.2898,62.6,67,75,8.95,broken clouds
337,Ketchikan,US,55.3422,-131.6461,33.8,93,90,8.05,light snow
338,San Patricio,US,28.017,-97.5169,78.8,65,75,27.63,broken clouds
339,Clarence Town,AU,-32.5833,151.7833,73.99,88,90,18.41,moderate rain
340,Lazaro Cardenas,MX,17.9583,-102.2,81.73,59,0,8.12,clear sky
341,Krasnokamensk,RU,50.0979,118.0369,23.81,87,30,6.69,scattered clouds
342,Alta Floresta,BR,-9.8756,-56.0861,72.05,92,92,2.1,moderate rain
343,Tacuarembo,UY,-31.7333,-55.9833,75.25,37,43,10.54,scattered clouds
344,Sungaipenuh,ID,-2.0833,101.3833,63.61,94,100,2.51,moderate rain
345,Doka,SD,13.5167,35.7667,81.18,37,0,14.85,clear sky
346,Santa Maria,BR,-29.6842,-53.8069,78.8,57,0,4.61,clear sky
347,Bubaque,GW,11.2833,-15.8333,78.17,63,90,10.13,overcast clouds
348,Anshun,CN,26.25,105.9333,56.79,95,83,12.15,broken clouds
349,Nishihara,JP,26.1842,127.7558,66.2,72,75,10.36,broken clouds
350,Beira,MZ,-19.8436,34.8389,75.34,85,12,2.42,light rain
351,San Pedro,PH,14.35,121.0167,79.0,78,90,4.61,overcast clouds
352,Aykhal,RU,66.0,111.5,-0.47,94,100,16.53,overcast clouds
353,Petukhovo,RU,55.0692,67.9019,1.54,95,11,8.39,few clouds
354,Padang,ID,-0.9492,100.3543,75.2,94,75,2.3,broken clouds
355,Dingle,PH,10.9995,122.6711,76.42,91,99,4.29,overcast clouds
356,Katsuura,JP,35.1333,140.3,55.0,95,55,18.07,broken clouds
357,Eydhafushi,MV,5.1033,73.0708,82.65,74,99,13.82,overcast clouds
358,Fredericksburg,US,38.3032,-77.4605,59.0,21,1,4.61,clear sky
359,Soltau,DE,52.9833,9.8333,44.01,81,100,23.02,light rain
360,Petropavlovsk-Kamchatskiy,RU,53.0452,158.6483,26.6,59,20,8.95,few clouds
361,Ilo,PE,-17.6394,-71.3375,73.09,82,0,5.35,clear sky
362,Burns Lake,CA,54.2331,-125.7533,50.0,46,100,9.22,overcast clouds
363,Cortez,US,37.3489,-108.5859,33.8,80,90,5.75,snow
364,Stokmarknes,NO,68.5646,14.9108,36.0,95,98,3.0,overcast clouds
365,Los Llanos De Aridane,ES,28.6585,-17.9182,64.4,63,20,10.36,few clouds
366,Ovalle,CL,-30.5983,-71.2003,68.56,58,33,5.5,scattered clouds
367,Riyadh,SA,24.6877,46.7219,66.2,32,46,4.61,dust
368,Alim,PH,9.5649,122.4876,79.34,85,94,10.49,overcast clouds
369,Priiskovyy,RU,51.9333,116.6333,27.9,74,100,4.29,overcast clouds
370,Bilibino,RU,68.0546,166.4372,-3.69,95,100,3.33,light snow
371,Paranaiba,BR,-19.6772,-51.1908,76.28,67,36,4.99,scattered clouds
372,Kyabe,TD,9.4515,18.9449,83.84,28,57,0.83,broken clouds
373,Sao Cristovao,BR,-11.0147,-37.2064,82.4,65,20,13.8,few clouds
374,Sidi Ali,DZ,36.0998,0.4206,52.38,82,0,2.95,clear sky
375,Taoudenni,ML,22.6783,-3.9836,71.04,42,91,10.49,overcast clouds
376,Oda,JP,35.1833,132.5,35.6,100,20,5.75,few clouds
377,Mihaileni,RO,47.9667,26.15,37.99,75,0,8.05,clear sky
378,Shepsi,RU,44.0361,39.1489,41.63,60,100,5.66,overcast clouds
379,Elliot,ZA,-31.3333,27.85,68.34,38,56,5.77,broken clouds
380,Lata,PT,40.1629,-8.3327,54.0,88,1,3.18,clear sky
381,Lae,PG,-6.7221,146.9847,81.57,74,100,5.88,light rain
382,Marsh Harbour,BS,26.5412,-77.0636,71.8,66,5,11.59,clear sky
383,Maumere,ID,-8.6199,122.2111,79.75,81,33,1.21,moderate rain
384,Te Anau,NZ,-45.4167,167.7167,63.68,57,29,10.11,scattered clouds
385,Honiara,SB,-9.4333,159.95,79.32,81,100,0.63,overcast clouds
386,Dori,BF,14.0354,-0.0345,79.25,10,85,8.66,overcast clouds
387,Khandyga,RU,62.6667,135.6,6.64,91,100,4.88,light snow
388,Mendi,PG,-6.1761,143.6513,58.42,94,100,1.92,overcast clouds
389,Baturaja,ID,-4.1333,104.1667,72.72,98,100,1.12,overcast clouds
390,Vestmannaeyjar,IS,63.4427,-20.2734,31.03,65,12,19.04,few clouds
391,Jalingo,NG,8.8833,11.3667,78.37,69,100,7.25,overcast clouds
392,Coahuayana,MX,18.7333,-103.6833,86.0,42,1,11.5,clear sky
393,Sao Felix Do Xingu,BR,-6.6447,-51.995,72.52,98,85,2.28,overcast clouds
394,Comodoro Rivadavia,AR,-45.8667,-67.5,59.0,67,40,11.5,scattered clouds
395,Port Moresby,PG,-9.4431,147.1797,77.0,100,40,6.91,haze
396,Jefferson City,US,38.5767,-92.1735,55.4,54,90,10.36,overcast clouds
397,Santa Cruz De La Palma,ES,28.6835,-17.7642,64.4,63,20,10.36,few clouds
398,Hobyo,SO,5.3505,48.5268,79.43,83,84,12.15,broken clouds
399,Grindavik,IS,63.8424,-22.4338,24.8,74,40,13.8,scattered clouds
400,Jasdan,IN,22.0333,71.2,73.51,29,0,11.14,clear sky
401,Yurla,RU,59.3259,54.3223,12.07,89,100,10.54,overcast clouds
402,Matadi,CD,-5.8167,13.45,77.04,96,82,2.66,broken clouds
403,Yatou,CN,37.15,122.3833,43.86,75,6,5.59,clear sky
404,Caxito,AO,-8.5785,13.6643,82.4,78,75,5.75,broken clouds
405,Kahului,US,20.8947,-156.47,72.0,94,90,17.27,light rain
406,Bilma,NE,18.6853,12.9164,77.86,12,4,4.94,clear sky
407,Valparaiso,CL,-33.0393,-71.6273,62.01,77,75,6.91,broken clouds
408,Dangriga,BZ,16.9692,-88.2321,82.4,65,20,9.22,few clouds
409,Neuquen,AR,-38.9516,-68.0591,89.6,22,0,2.3,clear sky
410,Auburn,US,47.3073,-122.2284,62.01,33,75,12.66,broken clouds
411,Palaia Fokaia,GR,37.72,23.9463,57.0,87,40,3.44,scattered clouds
412,Fortuna,US,40.5982,-124.1573,55.0,71,1,14.97,clear sky
413,Nehe,CN,48.4833,124.8333,34.54,63,7,11.9,clear sky
414,Tuyen Quang,VN,21.8233,105.2181,69.42,87,69,1.7,broken clouds
415,Areia Branca,BR,-4.9561,-37.1369,80.6,78,95,18.41,overcast clouds
416,Talnakh,RU,69.4865,88.3972,-21.69,98,100,7.96,light snow
417,Turayf,SA,31.6725,38.6637,48.2,66,0,6.91,clear sky
418,Gat,IL,31.61,34.7642,55.99,74,0,4.65,clear sky
419,Bajil,YE,15.0584,43.2851,81.39,55,9,2.86,clear sky
420,Pedro Ii,BR,-4.4247,-41.4586,69.1,93,66,2.73,broken clouds
421,Niksic,ME,42.7731,18.9445,51.8,87,40,3.27,scattered clouds
422,Goderich,CA,43.7501,-81.7165,41.0,38,0,18.41,clear sky
423,Kedougou,SN,12.5579,-12.1743,79.41,16,81,1.32,broken clouds
424,Kushiro,JP,42.975,144.3747,33.8,69,75,14.97,light snow
425,Batagay,RU,67.6333,134.6333,-15.2,83,49,3.18,scattered clouds
426,Puerto Carreno,CO,6.189,-67.4859,83.14,58,100,7.56,overcast clouds
427,Lubao,PH,14.9167,120.55,78.8,73,75,4.61,broken clouds
428,Gubkinskiy,RU,64.434,76.5026,8.4,94,91,13.47,overcast clouds
429,Wanaka,NZ,-44.7,169.15,66.99,45,0,4.0,clear sky
430,Berbera,SO,10.4396,45.0143,77.22,82,7,2.35,clear sky
431,Stornoway,GB,58.2093,-6.3865,39.99,87,40,18.41,light rain
432,Tigil,RU,57.8,158.6667,10.76,81,67,19.04,broken clouds
433,Bonoua,CI,5.2741,-3.595,82.4,89,20,5.75,few clouds
434,Saint-Denis,FR,48.9167,2.3333,41.0,93,75,6.91,light rain
435,Omsukchan,RU,62.5333,155.8,-8.75,91,100,4.88,overcast clouds
436,Hesla,IN,24.0667,85.8833,67.1,49,0,3.83,clear sky
437,Nome,US,64.5011,-165.4064,8.6,66,1,23.02,clear sky
438,Sarh,TD,9.1429,18.3923,87.8,42,0,1.74,clear sky
439,Beroroha,MG,-21.6667,45.1667,71.26,78,0,3.38,clear sky
440,Moussoro,TD,13.6408,16.4901,87.01,9,18,10.98,few clouds
441,Gigmoto,PH,13.7796,124.39,75.87,94,100,5.73,moderate rain
442,Sikasso,ML,10.9167,-7.0,79.12,18,100,3.27,overcast clouds
443,Yinchuan,CN,38.4681,106.2731,52.0,35,93,3.09,overcast clouds
444,Balkhash,KZ,46.844,74.9804,10.0,56,100,22.12,light snow
445,Vilhena,BR,-12.7406,-60.1458,73.4,94,20,4.61,few clouds
446,Port Hedland,AU,-20.3167,118.5667,77.0,88,91,10.36,overcast clouds
447,Las Vegas,US,36.175,-115.1372,61.0,23,40,14.97,scattered clouds
448,Oussouye,SN,12.485,-16.5469,80.6,69,0,4.61,clear sky
449,Mayumba,GA,-3.432,10.6554,79.97,89,100,4.38,overcast clouds
450,San Quintin,MX,30.4833,-115.95,59.18,60,5,18.43,clear sky
451,Turochak,RU,52.2576,87.1224,-9.31,98,68,1.99,broken clouds
452,Paamiut,GL,61.994,-49.6678,17.55,53,100,7.76,overcast clouds
453,Christchurch,NZ,-43.5333,172.6333,68.0,63,0,16.11,clear sky
454,Nizhnyaya Tavda,RU,57.6731,66.1725,7.05,92,0,7.94,clear sky
455,Agadez,NE,19.75,10.25,75.88,18,54,11.83,broken clouds
456,Scarborough,GB,54.2797,-0.4044,37.99,87,23,3.0,few clouds
457,May Pen,JM,17.9645,-77.2451,80.6,74,40,10.36,scattered clouds
458,Solnechnyy,RU,50.7214,136.6319,26.71,89,76,7.9,broken clouds
459,Soe,ID,-9.8607,124.284,69.24,91,94,2.28,overcast clouds
460,Batagay-Alyta,RU,67.8006,130.4114,-13.49,85,86,1.72,overcast clouds
461,Tokur,RU,53.1333,132.9,21.65,91,82,5.48,broken clouds
462,Tautira,PF,-17.7333,-149.15,86.0,70,20,9.22,few clouds
463,Kabala,SL,9.5833,-11.55,79.16,61,88,6.06,overcast clouds
464,Ninghai,CN,29.2892,121.4247,53.01,97,50,1.99,scattered clouds
465,Bom Jesus,BR,-9.0744,-44.3586,75.02,83,1,3.4,clear sky
466,Ha Giang,VN,22.8333,104.9833,69.26,96,83,2.48,broken clouds
467,Moose Factory,CA,51.2585,-80.6094,26.6,86,90,11.5,light snow
468,Poya,NC,-21.35,165.15,81.68,64,90,5.3,overcast clouds
469,Teguise,ES,29.0605,-13.564,64.4,72,75,12.66,broken clouds
470,Buraydah,SA,26.326,43.975,60.8,48,0,5.75,dust
471,Tome,CL,-36.6167,-72.95,59.0,82,75,8.05,broken clouds
472,Hillsborough,US,37.5741,-122.3794,57.0,62,75,18.41,broken clouds
473,Otjimbingwe,NA,-22.35,16.1333,74.91,41,76,1.77,broken clouds
474,Estancia,BR,-11.2683,-37.4383,82.4,65,20,13.8,few clouds
475,Saint George,US,37.1041,-113.5841,51.01,66,1,4.61,clear sky
476,Kasongo-Lunda,CD,-6.4667,16.8167,72.09,91,99,0.38,light rain
477,Egvekinot,RU,66.3167,-179.1667,26.24,97,100,16.37,snow
478,Fort Smith,US,35.3859,-94.3986,68.0,68,90,13.8,overcast clouds
479,Ayagoz,KZ,47.9714,80.4392,-3.41,85,100,18.72,overcast clouds
480,Inhambane,MZ,-23.865,35.3833,75.33,82,18,10.04,few clouds
481,Yenagoa,NG,4.9247,6.2642,79.21,86,100,4.18,overcast clouds
482,Waconia,US,44.8508,-93.7869,57.0,44,53,4.0,broken clouds
483,Abeche,TD,13.8292,20.8324,85.32,13,62,19.73,broken clouds
484,Jizan,SA,17.3333,42.6667,82.4,65,4,3.44,clear sky
485,Mosjoen,NO,65.836,13.1908,35.6,69,90,1.14,overcast clouds
486,Tamandare,BR,-8.7597,-35.1047,79.02,78,55,8.84,broken clouds
487,Matiri,TZ,-10.75,34.9,60.53,95,78,3.2,broken clouds
488,Khani,GE,41.9563,42.9566,42.8,56,0,24.16,clear sky
489,Sampit,ID,-2.5333,112.95,73.51,97,46,1.7,scattered clouds
490,Emerald,AU,-23.5333,148.1667,80.6,69,1,8.05,clear sky
491,Itoman,JP,26.1247,127.6694,66.2,72,75,10.36,broken clouds
492,Uchaly,RU,54.2996,59.4521,-0.98,71,0,4.92,clear sky
493,Labrea,BR,-7.2586,-64.7981,80.06,75,54,1.57,broken clouds
494,Chaozhou,CN,23.6651,116.6379,62.6,82,75,4.47,broken clouds
495,Naze,JP,28.3667,129.4833,62.6,67,75,6.91,broken clouds
496,Pitkyaranta,RU,61.5734,31.4792,31.96,98,100,7.74,overcast clouds
497,Eenhana,NA,-17.4667,16.3333,69.93,68,90,7.25,overcast clouds
498,Mackay,AU,-21.15,149.2,81.0,83,41,6.91,scattered clouds
499,Masuguru,TZ,-11.3667,38.4167,70.75,95,100,3.18,overcast clouds
500,Werda,BW,-25.2667,23.2833,73.51,45,19,8.77,few clouds
501,Mineiros,BR,-17.5694,-52.5511,70.34,90,79,5.14,light rain
502,Januaria,BR,-15.4833,-44.3667,72.7,71,3,1.99,clear sky
503,Chapais,CA,49.7834,-74.8492,14.0,73,90,9.22,light snow
504,Kitui,KE,-1.367,38.0106,62.65,86,51,3.04,broken clouds
505,Riviere-Au-Renard,CA,48.9957,-64.3971,24.8,50,20,19.57,few clouds
506,Turukhansk,RU,65.8167,87.9833,-26.97,98,60,8.46,broken clouds
507,Predejane,RS,42.8294,22.1311,41.0,87,0,1.14,clear sky
508,Bathsheba,BB,13.2167,-59.5167,78.8,69,20,12.66,few clouds
509,Novopskov,UA,49.5464,39.0899,30.0,96,94,9.44,light snow
510,Tessalit,ML,20.1986,1.0114,66.09,38,9,7.18,clear sky
511,Sao Miguel Do Araguaia,BR,-13.275,-50.1628,75.13,86,100,3.4,overcast clouds
512,Sola,VU,-13.8833,167.55,84.2,89,90,10.33,overcast clouds
513,Granja,BR,-3.1203,-40.8261,74.71,95,49,4.72,scattered clouds
514,Monrovia,LR,6.3005,-10.7969,77.0,94,75,8.12,broken clouds
515,Tayginka,RU,55.6244,60.5076,6.89,78,0,7.99,clear sky
516,Aranos,NA,-24.1333,19.1167,75.06,45,1,12.66,clear sky
517,Lysva,RU,58.1086,57.8053,8.04,94,99,9.91,overcast clouds
518,Broome,US,42.2506,-75.833,37.99,30,1,13.8,clear sky
519,Wamba,NG,8.9333,8.6,81.25,55,68,0.63,light rain
520,Faya,SA,18.3851,42.4509,66.2,48,1,4.03,haze
521,Mackenzie,CA,55.2999,-123.1698,44.6,53,90,11.5,overcast clouds
522,Malakal,SS,9.5334,31.6605,86.54,23,72,4.07,broken clouds
523,Armeria,MX,18.9333,-103.9667,86.0,42,1,11.5,clear sky
524,Zyryanovsk,KZ,49.7386,84.2719,-13.18,98,54,0.51,broken clouds
525,Cuamba,MZ,-14.8031,36.5372,68.88,99,100,1.7,moderate rain
526,Talara,PE,-4.5772,-81.2719,84.2,65,0,10.36,clear sky
527,Lithakia,GR,37.7167,20.8333,50.0,93,20,3.44,few clouds
528,Waingapu,ID,-9.6567,120.2641,79.39,84,61,2.19,broken clouds
529,Sarkand,KZ,45.41,79.9186,24.08,92,100,2.8,light snow
530,Neryungri,RU,56.6709,124.6491,16.41,95,100,0.11,light snow
531,Vanderhoof,CA,54.0166,-124.0198,47.84,73,100,12.3,overcast clouds
532,Narsaq,GL,60.9167,-46.05,24.8,54,90,3.44,overcast clouds
533,Hofn,IS,64.2539,-15.2082,34.29,55,98,15.01,overcast clouds
534,Jinchang,CN,38.4953,102.1739,48.83,24,100,8.79,overcast clouds
535,Kaspiyskiy,RU,45.3929,47.3707,29.86,65,50,13.2,scattered clouds
536,Kattivakkam,IN,13.2167,80.3167,75.2,88,20,3.44,mist
537,Goure,NE,13.9835,10.2704,83.3,12,0,12.8,clear sky
538,Thabazimbi,ZA,-24.5917,27.4116,65.37,52,0,4.97,clear sky
539,Pierre,US,44.3683,-100.351,48.2,57,75,4.61,broken clouds
540,Marzuq,YE,14.4,46.4667,60.21,38,19,5.59,few clouds
541,Kodinsk,RU,58.6881,99.1844,4.57,94,59,9.89,broken clouds
542,Takoradi,GH,4.8845,-1.7554,80.64,82,100,9.53,overcast clouds
543,Miranda De Ebro,ES,42.6865,-2.947,46.99,81,40,4.61,scattered clouds
544,Angra Dos Reis,BR,-23.0067,-44.3181,80.6,78,75,5.75,broken clouds
545,Brigantine,US,39.4101,-74.3646,50.0,18,1,13.8,clear sky
546,Krasnoselkup,RU,65.7,82.4667,-20.58,80,44,12.75,scattered clouds
547,Shirvan,AZ,39.9509,48.8994,35.04,77,76,0.43,broken clouds
548,San Lorenzo,PY,-25.3333,-57.5333,87.8,40,17,11.5,few clouds
549,Alyangula,AU,-13.8483,136.4192,77.0,100,63,3.44,broken clouds
550,Arlit,NE,18.7369,7.3853,73.8,12,71,7.7,broken clouds
551,Korla,CN,41.7597,86.1469,46.35,40,29,1.07,scattered clouds
552,Lusaka,ZM,-15.4067,28.2871,68.0,88,0,2.3,clear sky
553,Fort Collins,US,40.5853,-105.0844,34.0,86,90,6.91,snow
554,Tabou,CI,4.423,-7.3528,78.91,86,100,9.4,moderate rain
555,Baykit,RU,61.67,96.37,4.28,91,100,10.92,overcast clouds
556,Koumac,NC,-20.5667,164.2833,81.23,66,98,3.67,overcast clouds
557,Gao,ML,16.6362,1.637,73.13,24,0,9.73,clear sky
558,Keetmanshoop,NA,-26.5833,18.1333,71.6,49,33,11.5,scattered clouds
559,Medvezhyegorsk,RU,62.9167,34.4667,33.22,97,99,8.08,snow
560,Loandjili,CG,-4.7561,11.8578,82.4,83,75,6.91,broken clouds
561,Lillehammer,NO,61.1146,10.4674,27.0,93,100,0.92,overcast clouds
562,Negombo,LK,7.2083,79.8358,77.0,88,20,2.3,few clouds
563,Kailua,US,21.4022,-157.7394,73.4,78,40,12.66,scattered clouds
564,Ahualulco,MX,22.4,-101.1667,86.0,17,1,5.75,clear sky
565,Shirokiy,RU,49.758,129.523,24.51,86,60,7.99,broken clouds
566,Baytown,US,29.7355,-94.9774,77.0,77,54,3.0,broken clouds
567,Nantucket,US,41.2835,-70.0995,41.0,60,1,16.11,clear sky
568,Placerville,US,38.7296,-120.7986,61.0,47,1,5.75,clear sky
569,Maarianhamina,AX,60.0973,19.9348,32.0,100,90,3.44,overcast clouds
570,Greymouth,NZ,-42.4667,171.2,65.37,61,7,3.6,clear sky
571,Pangkalanbuun,ID,-2.6833,111.6167,73.26,95,43,2.19,light rain
572,Eravur,LK,7.7733,81.6095,77.58,86,39,7.7,scattered clouds
573,Olafsvik,IS,64.8945,-23.7142,28.56,68,63,12.77,broken clouds
574,Cuenca,EC,-2.8833,-78.9833,62.6,67,75,9.22,moderate rain
575,Dickinson,US,29.4608,-95.0513,77.0,61,40,20.71,scattered clouds
576,Tarnogskiy Gorodok,RU,60.4997,43.5761,20.98,90,100,10.33,overcast clouds
577,Chicama,PE,-7.8447,-79.1469,73.4,83,20,8.05,few clouds
578,Joshimath,IN,30.5667,79.5667,47.98,18,0,6.87,clear sky
579,Puerto Escondido,MX,15.85,-97.0667,84.2,74,20,8.05,few clouds
580,Bengkulu,ID,-3.8004,102.2655,75.74,79,99,3.87,overcast clouds
581,Vostok,RU,46.4856,135.8833,27.41,75,53,1.61,broken clouds
582,Wolgast,DE,54.05,13.7667,41.0,85,100,5.01,light rain
583,Taltal,CL,-25.4,-70.4833,66.99,87,25,5.37,scattered clouds
584,Nivala,FI,63.9167,24.9667,28.99,94,99,5.06,overcast clouds
585,Udachnyy,RU,66.4167,112.4,1.35,87,89,12.84,overcast clouds
586,Barguzin,RU,53.6167,109.6167,29.14,91,100,7.38,overcast clouds
587,Zaraza,VE,9.3503,-65.3245,78.89,69,100,8.48,overcast clouds
588,Druzhba,UA,52.0428,33.9453,32.79,94,100,14.83,overcast clouds
589,Razole,IN,16.4833,81.8333,66.49,91,0,2.57,clear sky
590,Caravelas,BR,-17.7125,-39.2481,75.81,81,0,5.68,clear sky
591,Xifeng,CN,42.7372,124.7222,36.97,86,0,3.62,clear sky
592,Marystown,CA,47.1666,-55.1483,28.02,72,96,17.38,overcast clouds
593,Obigarm,TJ,38.7173,69.7088,38.19,99,100,8.9,moderate rain
594,Poyarkovo,RU,49.6,128.6833,27.54,81,45,4.52,scattered clouds
595,Sao Joao Da Barra,BR,-21.6403,-41.0511,76.51,87,77,12.03,broken clouds
596,Skeldon,GY,5.8833,-57.1333,74.08,89,68,4.03,broken clouds
597,Kingman,US,35.1894,-114.053,48.2,46,90,17.27,overcast clouds
598,Hutchinson,US,38.0608,-97.9298,57.99,94,90,11.5,overcast clouds
599,Tosya,TR,41.0155,34.0401,39.22,58,77,1.21,broken clouds
600,Mehran,IR,33.1222,46.1646,39.2,100,20,2.3,fog
601,Husainabad,IN,24.5333,84.0167,67.42,49,0,5.53,clear sky
602,San-Pedro,CI,4.7485,-6.6363,79.63,84,100,9.15,light rain
603,Dabola,GN,10.75,-11.1167,77.9,22,36,1.59,scattered clouds
604,Cameta,BR,-2.2444,-49.4958,77.02,89,100,5.12,overcast clouds
605,Dawson Creek,CA,55.7666,-120.2362,33.8,80,1,6.91,clear sky
606,Belmonte,BR,-15.8631,-38.8828,78.8,73,0,10.36,clear sky
607,Wheeling,US,42.1392,-87.929,59.0,28,40,6.91,scattered clouds
608,Praia Da Vitoria,PT,38.7333,-27.0667,60.01,94,75,22.93,broken clouds
609,Shache,CN,38.4167,77.2406,45.46,36,98,2.95,overcast clouds
610,Constantine,DZ,36.365,6.6147,44.6,93,0,5.75,clear sky
611,Derzhavinsk,KZ,51.1,66.3167,-8.19,94,0,2.57,clear sky
612,Beitbridge,ZW,-22.2167,30.0,72.55,72,12,7.67,few clouds
613,Balabac,PH,7.9868,117.0645,79.11,85,100,8.23,overcast clouds
614,Sayaxche,GT,16.5167,-90.1667,81.93,61,16,6.42,few clouds
615,Samana,DO,19.2056,-69.3369,78.8,89,40,4.61,scattered clouds
616,Lagoa,PT,39.05,-27.9833,60.06,84,27,27.42,scattered clouds
617,Bandarbeyla,SO,9.4942,50.8122,77.43,80,46,8.55,scattered clouds
618,Wasilla,US,61.5814,-149.4394,19.0,45,1,3.44,clear sky
619,Sosnovo-Ozerskoye,RU,52.5249,111.5418,24.73,74,100,5.32,overcast clouds
620,Xinqing,CN,48.2333,129.5,27.0,69,49,4.74,scattered clouds
621,Nizhniy Baskunchak,RU,48.2198,46.8311,23.88,63,31,11.88,scattered clouds
622,Mahuva,IN,21.0914,71.7622,74.84,42,0,10.42,clear sky
623,Vallenar,CL,-28.5708,-70.7581,69.78,59,0,4.79,clear sky
624,Rabo De Peixe,PT,37.8,-25.5833,59.0,100,75,16.11,broken clouds
625,Rio De Janeiro,BR,-22.9028,-43.2075,80.6,94,75,6.91,broken clouds
626,Thap Than,TH,15.4606,99.8917,80.01,99,21,4.7,few clouds
627,Dongsheng,CN,39.8161,109.9776,41.81,87,86,18.19,overcast clouds
628,Dhemaji,IN,27.4833,94.5833,68.31,74,95,2.68,overcast clouds
629,Ambilobe,MG,-13.2,49.05,74.32,94,95,1.97,light rain
630,Sulangan,PH,11.1373,123.7228,80.17,80,86,8.08,overcast clouds
631,Penzance,GB,50.1186,-5.5371,44.01,75,20,18.41,few clouds
632,Babaeski,TR,41.4325,27.0931,42.35,92,0,2.91,clear sky
633,Brownsville,US,25.9018,-97.4975,80.6,57,20,26.46,few clouds
634,Durazno,UY,-33.4131,-56.5006,68.4,42,0,11.63,clear sky
635,Santa Cruz Del Norte,CU,23.1539,-81.9236,80.6,57,20,13.8,few clouds
636,Tabat,ID,-2.635,115.2274,74.39,95,80,0.56,broken clouds
637,Williamsburg,US,37.2707,-76.7075,53.6,40,1,5.75,clear sky
638,Karpinsk,RU,59.7654,60.0085,9.7,90,26,7.09,scattered clouds
639,Jawa,JO,31.8525,35.9393,48.2,81,0,0.92,clear sky
640,Dudinka,RU,69.4058,86.1778,-16.19,96,100,13.56,overcast clouds
641,Shitanjing,CN,39.2342,106.3439,47.12,36,100,7.36,overcast clouds
642,Hopelchen,MX,19.7667,-89.85,84.2,58,40,17.27,scattered clouds
643,Chillicothe,US,39.3331,-82.9824,48.99,39,1,5.75,clear sky
644,Biltine,TD,14.5333,20.9167,84.76,13,16,18.28,few clouds
645,Raudeberg,NO,61.9875,5.1352,41.0,76,93,13.87,overcast clouds
646,Sechura,PE,-5.5569,-80.8222,83.37,56,0,15.39,clear sky
647,Westport,US,41.1415,-73.3579,45.0,39,1,14.97,clear sky
648,Resplendor,BR,-19.3256,-41.2553,71.8,80,0,0.13,clear sky
649,La Palma,US,33.8464,-118.0467,66.0,63,20,12.66,few clouds
650,Port Blair,IN,11.6667,92.75,78.71,75,15,4.59,few clouds
651,La Rioja,ES,42.25,-2.5,52.0,66,90,6.91,overcast clouds
652,Cefalu,IT,38.0386,14.0229,54.0,76,6,4.0,clear sky
653,Winnemucca,US,40.973,-117.7357,55.4,16,1,4.61,clear sky
654,Gusau,NG,12.1628,6.6614,80.08,16,2,8.5,clear sky
655,Maine-Soroa,NE,13.2114,12.0241,85.77,8,30,7.02,scattered clouds
656,Mayo,US,38.8876,-76.5119,48.2,31,1,8.05,clear sky
657,Haldensleben,DE,52.2891,11.4098,41.0,77,73,19.98,broken clouds
658,Sibolga,ID,1.7427,98.7792,75.56,90,100,4.38,overcast clouds
659,Velizh,RU,55.6056,31.1967,33.62,96,100,7.47,light snow
660,Piracuruca,BR,-3.9281,-41.7092,74.46,95,70,4.74,broken clouds
661,Abha,SA,18.2164,42.5053,66.2,48,6,4.09,haze
662,Lima,PE,-12.0432,-77.0282,77.0,73,0,10.36,clear sky
663,Jumla,NP,29.2747,82.1838,38.66,59,0,3.49,clear sky
664,Rivera,UY,-30.9053,-55.5508,76.21,55,82,2.28,broken clouds
665,Suluq,LY,31.6682,20.2521,59.49,46,100,3.13,overcast clouds
666,Sabla,NG,12.7525,4.7077,81.54,16,32,7.45,scattered clouds
667,Kudahuvadhoo,MV,2.6708,72.8944,82.92,73,23,10.31,moderate rain
668,Bodden Town,KY,19.2833,-81.25,78.8,73,40,13.8,scattered clouds
669,Buchanan,LR,5.8808,-10.0467,77.0,94,75,7.74,light rain
670,Port-Gentil,GA,-0.7193,8.7815,78.8,94,20,3.44,few clouds
671,Gornopravdinsk,RU,60.05,69.9,9.27,96,63,7.31,broken clouds
672,Khorramabad,IR,33.4878,48.3558,43.39,79,15,1.3,few clouds
673,Ulety,RU,51.3572,112.4849,26.38,72,100,2.01,overcast clouds
674,Kungurtug,RU,50.5994,97.5228,-0.29,61,100,15.1,overcast clouds
675,Contadero,CO,0.907,-77.5473,54.64,94,99,4.32,light rain
676,Rudbar,AF,30.15,62.6,54.59,33,0,11.39,clear sky
677,Puerto Ayacucho,VE,5.6639,-67.6236,80.38,72,100,5.35,overcast clouds
678,Mnogovershinnyy,RU,53.9353,139.9242,23.99,90,60,9.95,broken clouds
679,Fenoarivo,MG,-18.933,47.4354,60.8,88,20,5.75,few clouds
680,Tefe,BR,-3.3542,-64.7114,82.4,78,20,3.44,few clouds
681,Kirensk,RU,57.7853,108.1119,8.69,94,100,4.83,overcast clouds
682,Yuryev-Polskiy,RU,56.5,39.6833,22.93,93,93,13.29,overcast clouds
683,Pemangkat,ID,1.1667,108.9667,76.01,89,74,5.48,broken clouds
684,Punta Alta,AR,-38.8759,-62.0736,73.81,46,1,14.63,clear sky
685,Vanimo,PG,-2.6741,141.3028,80.92,83,96,3.62,overcast clouds
686,Beinamar,TD,8.6698,15.3813,88.12,34,92,5.28,overcast clouds
687,Neustadt,DE,49.7117,12.0872,41.0,75,75,6.91,broken clouds
688,Kabalo,CD,-6.05,26.9167,70.3,96,95,4.14,light rain
689,Elizabeth City,US,36.2946,-76.2511,52.0,53,1,6.91,clear sky
690,Baculin,PH,7.4525,126.5842,79.5,81,25,5.08,light rain
691,Adrar,MR,20.5022,-10.0711,68.58,14,0,8.97,clear sky
692,Diego De Almagro,CL,-26.3667,-70.05,68.76,47,0,6.33,clear sky
693,Verkhnyaya Inta,RU,65.9811,60.3094,10.45,92,63,11.54,broken clouds
694,Senj,HR,44.9894,14.9058,53.6,82,75,11.5,broken clouds
695,Cockburn Town,TC,21.4612,-71.1419,77.0,69,40,17.27,scattered clouds
696,Yangjiang,CN,21.85,111.9667,67.41,91,1,4.05,clear sky
697,Broken Hill,AU,-31.95,141.4333,50.0,76,46,19.57,scattered clouds
698,Vogan,TG,6.3333,1.5333,80.35,80,98,3.49,moderate rain
699,Sangar,RU,63.9242,127.4739,4.96,95,100,5.7,overcast clouds
